<?xml version="1.0" encoding="UTF-8"?>

<!-- ********************************************************** -->
<!-- *                                                        * -->
<!-- * Apache Ant build file used to build the Sphinx-4 demos.* -->
<!-- * To build the demos, just type the following:           * -->
<!-- *                                                        * -->
<!-- *     ant -buildfile demo.xml                            * -->
<!-- *                                                        * -->
<!-- * For more information:  http://ant.apache.org/          * -->
<!-- *                                                        * -->
<!-- ********************************************************** -->

<project basedir="." default="all" name="Sphinx-4">

    <!-- ********************************************************** -->
    <!-- *                                                        * -->
    <!-- * Where to find things...                                * -->
    <!-- *                                                        * -->
    <!-- ********************************************************** -->

    <property name="version"		value="1_2_0"/>
    <property name="src_dir"		value="."/>
    <property name="build_dir"		value="bld"/>
    <property name="classes_dir"	value="${build_dir}/classes"/>
    <property name="lib_dir"            value="lib"/>
    <property name="bin_dir"            value="bin"/>
    <property name="deploy_dir"		value="deploy"/>
    <path id="libs">
        <pathelement path="${classes_dir}"/>
	<pathelement location="${lib_dir}/sphinx4.jar"/>
	<pathelement location="${lib_dir}/jsapi.jar"/>
	<pathelement location="${lib_dir}/tags.jar"/>
	<pathelement location="${lib_dir}/js.jar"/>
    </path>



    <!-- ********************************************************** -->
    <!-- *                                                        * -->
    <!-- * Checks for the presence of jsapi.jar.                  * -->
    <!-- *                                                        * -->
    <!-- ********************************************************** -->
    <target name="check_jsapi_jar.isPresent">
        <available file="lib/jsapi.jar" property="jsapi_jar.isPresent"/>
    </target>

    <target name="issue_jsapi_warning"
            unless="jsapi_jar.isPresent">
        <echo>

Cannot find lib/jsapi.jar.  Will not build JSAPI demos.  
See docs/jsapi_setup.html for information on setting up 
your environment to use JSAPI.
        </echo>
    </target>



    <!-- ********************************************************** -->
    <!-- *                                                        * -->
    <!-- * Builds just the demos (using package names for the     * -->
    <!-- * demos would have made this easier).                    * -->
    <!-- *                                                        * -->
    <!-- ********************************************************** -->
    <target name="all"
	    depends="make_lib_dir,
	             check_jsapi_jar.isPresent,
                     issue_jsapi_warning,
	             compile_sphinx_demos"
	    description="Compiles and jars the demos"/>

    <target name="make_lib_dir">
	<mkdir dir="${lib_dir}"/>
    </target>


    <!-- Sphinx-4 (non-JSAPI) demos -->
    <target name="compile_sphinx_demos"
	    depends="compile_sphinx_helloworld,
	             compile_sphinx_helloworld2,
                     compile_sphinx_newjframe,
	             compile_sphinx_hellodigits,
		     compile_sphinx_hellongram,
		     compile_sphinx_confidence,
	             compile_jsapi_dialog,
	             compile_jsapi_jsgf,
	             compile_zipcity,
                     compile_sphinx_wavfile,
                     compile_sphinx_transcriber,
	             compile_tags"
	    description="Compiles Sphinx-4 demos"/>

    <target name="compile_sphinx_helloworld">
    	<mkdir dir="${classes_dir}/demo/sphinx/helloworld"/>
	<javac debug="true"
	       source="1.4"
	       listfiles="true"
	       deprecation="true"
	       srcdir="${src_dir}"
	       destdir="${classes_dir}"
	       includes="demo/sphinx/helloworld/**">
	    <classpath refid="libs"/>
	</javac>
	<copy file="${src_dir}/demo/sphinx/helloworld/hello.gram"
	      todir="${classes_dir}/demo/sphinx/helloworld"/>
	<copy file="${src_dir}/demo/sphinx/helloworld/helloworld.config.xml"
	      todir="${classes_dir}/demo/sphinx/helloworld"/>
	<mkdir dir="${bin_dir}"/>
        <jar destfile="${bin_dir}/HelloWorld.jar" 
	     manifest="${src_dir}/demo/sphinx/helloworld/helloworld.Manifest"
	     basedir="${classes_dir}"
	     includes="demo/sphinx/helloworld/**"
	     filesonly="true"
	     compress="true"/>
    </target>

    <target name="compile_sphinx_helloworld2">
    	<mkdir dir="${classes_dir}/demo/sphinx/helloworld2"/>
	<javac debug="true"
	       source="6"
	       listfiles="true"
	       deprecation="true"
	       srcdir="${src_dir}"
	       destdir="${classes_dir}"
	       includes="demo/sphinx/helloworld2/**">
	    <classpath refid="libs"/>
	</javac>
	<copy file="${src_dir}/demo/sphinx/helloworld2/hello.gram"
	      todir="${classes_dir}/demo/sphinx/helloworld2"/>
	<copy file="${src_dir}/demo/sphinx/helloworld2/helloworld2.config.xml"
	      todir="${classes_dir}/demo/sphinx/helloworld2"/>
	<mkdir dir="${bin_dir}"/>
        <jar destfile="${bin_dir}/HelloWorld2.jar" 
	     manifest="${src_dir}/demo/sphinx/helloworld2/helloworld2.Manifest"
	     basedir="${classes_dir}"
	     includes="demo/sphinx/helloworld2/**"
	     filesonly="true"
	     compress="true"/>
    </target>
    
    <target name="compile_sphinx_newjframe">
    	<mkdir dir="${classes_dir}/demo/sphinx/newjframe"/>
	<javac debug="true"
	       source="6"
	       listfiles="true"
	       deprecation="true"
	       srcdir="${src_dir}"
	       destdir="${classes_dir}"
	       includes="demo/sphinx/newjframe/**">
	    <classpath refid="libs"/>
	</javac>
	<copy file="${src_dir}/demo/sphinx/newjframe/hello.gram"
	      todir="${classes_dir}/demo/sphinx/newjframe"/>
	<copy file="${src_dir}/demo/sphinx/newjframe/newjframe.config.xml"
	      todir="${classes_dir}/demo/sphinx/newjframe"/>
	<mkdir dir="${bin_dir}"/>
        <jar destfile="${bin_dir}/NewJFrame.jar" 
	     manifest="${src_dir}/demo/sphinx/newjframe/newjframe.Manifest"
	     basedir="${classes_dir}"
	     includes="demo/sphinx/newjframe/**"
	     filesonly="true"
	     compress="true"/>
    </target>
    
    <target name="compile_sphinx_hellodigits">
    	<mkdir dir="${classes_dir}/demo/sphinx/hellodigits"/>
	<javac debug="true"
	       source="1.4"
	       listfiles="true"
	       deprecation="true"
	       srcdir="${src_dir}"
	       includes="demo/sphinx/hellodigits/**"
	       destdir="${classes_dir}">
	    <classpath refid="libs"/>
	</javac>
	<copy file="${src_dir}/demo/sphinx/hellodigits/digits.gram"
	      todir="${classes_dir}/demo/sphinx/hellodigits"/>
	<copy file="${src_dir}/demo/sphinx/hellodigits/hellodigits.config.xml"
	      todir="${classes_dir}/demo/sphinx/hellodigits"/>
        <jar destfile="${bin_dir}/HelloDigits.jar" 
	     manifest="${src_dir}/demo/sphinx/hellodigits/hellodigits.Manifest"
	     basedir="${classes_dir}"
	     includes="demo/sphinx/hellodigits/**"
	     filesonly="true"
	     compress="true"/>
    </target>

    <target name="compile_jsapi_dialog" if="jsapi_jar.isPresent">
    	<mkdir dir="${classes_dir}/demo/jsapi/dialog"/>
	<javac debug="true"
	       source="1.4"
	       listfiles="true"
	       deprecation="true"
	       srcdir="${src_dir}"
	       includes="demo/jsapi/dialog/**"
	       destdir="${classes_dir}">
	    <classpath refid="libs"/>
	</javac>

	<copy todir="${classes_dir}/demo/jsapi/dialog">
         <fileset dir="${src_dir}/demo/jsapi/dialog">
            <include name="**/*.gram"/>
            <include name="**/playlist.txt"/>
            <include name="**/weather.lm"/>
         </fileset>
        </copy>

	<copy file="${src_dir}/demo/jsapi/dialog/dialog.config.xml"
	      todir="${classes_dir}/demo/jsapi/dialog"/>
        <jar destfile="${bin_dir}/Dialog.jar" 
	     manifest="${src_dir}/demo/jsapi/dialog/dialog.Manifest"
	     basedir="${classes_dir}"
	     includes="demo/jsapi/dialog/**"
	     filesonly="true"
	     compress="true"/>
    </target>

    <target name="compile_jsapi_jsgf" if="jsapi_jar.isPresent">
    	<mkdir dir="${classes_dir}/demo/jsapi/jsgf"/>
	<javac debug="true"
	       source="1.4"
	       listfiles="true"
	       deprecation="true"
	       srcdir="${src_dir}"
	       includes="demo/jsapi/jsgf/**"
	       destdir="${classes_dir}">
	    <classpath refid="libs"/>
	</javac>

	<copy todir="${classes_dir}/demo/jsapi/jsgf">
         <fileset dir="${src_dir}/demo/jsapi/jsgf">
            <include name="**/*.gram"/>
         </fileset>
        </copy>

	<copy file="${src_dir}/demo/jsapi/jsgf/jsgf.config.xml"
	      todir="${classes_dir}/demo/jsapi/jsgf"/>
        <jar destfile="${bin_dir}/JSGFDemo.jar" 
	     manifest="${src_dir}/demo/jsapi/jsgf/jsgf.Manifest"
	     basedir="${classes_dir}"
	     includes="demo/jsapi/jsgf/**"
	     filesonly="true"
	     compress="true"/>
    </target>

    <target name="compile_sphinx_hellongram">
	<mkdir dir="${classes_dir}/demo/sphinx/hellongram"/>
	<javac debug="true"
	       source="1.4"
	       listfiles="true"
	       deprecation="true"
	       srcdir="${src_dir}"
	       includes="demo/sphinx/hellongram/**"
	       destdir="${classes_dir}">
	    <classpath refid="libs"/>
	</javac>
	<copy file="${src_dir}/demo/sphinx/hellongram/hellongram.trigram.lm"
	      todir="${classes_dir}/demo/sphinx/hellongram"/>
	<copy file="${src_dir}/demo/sphinx/hellongram/hellongram.config.xml"
	      todir="${classes_dir}/demo/sphinx/hellongram"/>
	<mkdir dir="${bin_dir}"/>
        <jar destfile="${bin_dir}/HelloNGram.jar" 
	     manifest="${src_dir}/demo/sphinx/hellongram/hellongram.Manifest"
	     basedir="${classes_dir}"
	     includes="demo/sphinx/hellongram/**"
	     filesonly="true"
	     compress="true"/>
    </target>

    <target name="compile_sphinx_wavfile">
         <mkdir dir="${classes_dir}/demo/sphinx/wavfile"/>
	 <javac debug="true"
	        source="1.4"
		listfiles="true"
		deprecation="true"
		srcdir="${src_dir}"
		includes="demo/sphinx/wavfile/**"
		destdir="${classes_dir}">
	     <classpath refid="libs"/>
	 </javac>
	 <copy file="${src_dir}/demo/sphinx/wavfile/config.xml"
	       todir="${classes_dir}/demo/sphinx/wavfile"/>
	 <copy file="${src_dir}/demo/sphinx/wavfile/12345.wav"
	       todir="${classes_dir}/demo/sphinx/wavfile"/>
	 <copy file="${src_dir}/demo/sphinx/wavfile/digits.gram"
	       todir="${classes_dir}/demo/sphinx/wavfile"/>
	 <mkdir dir="${bin_dir}"/>
	 <jar destfile="${bin_dir}/WavFile.jar"
	      manifest="${src_dir}/demo/sphinx/wavfile/wavfile.Manifest"
	      basedir="${classes_dir}"
	      includes="demo/sphinx/wavfile/**"
	      filesonly="true"
	      compress="true"/>
    </target>

    <target name="compile_sphinx_transcriber">
         <mkdir dir="${classes_dir}/demo/sphinx/transcriber"/>
	 <javac debug="true"
	        source="1.4"
		listfiles="true"
		deprecation="true"
		srcdir="${src_dir}"
		includes="demo/sphinx/transcriber/**"
		destdir="${classes_dir}">
	     <classpath refid="libs"/>
	 </javac>
	 <copy file="${src_dir}/demo/sphinx/transcriber/config.xml"
	       todir="${classes_dir}/demo/sphinx/transcriber"/>
	 <copy file="${src_dir}/demo/sphinx/transcriber/10001-90210-01803.wav"
	       todir="${classes_dir}/demo/sphinx/transcriber"/>
	 <copy file="${src_dir}/demo/sphinx/transcriber/digits.gram"
	       todir="${classes_dir}/demo/sphinx/transcriber"/>
	 <mkdir dir="${bin_dir}"/>
	 <jar destfile="${bin_dir}/Transcriber.jar"
	      manifest="${src_dir}/demo/sphinx/transcriber/transcriber.Manifest"
	      basedir="${classes_dir}"
	      includes="demo/sphinx/transcriber/**"
	      filesonly="true"
	      compress="true"/>
    </target>

    <target name="init">
        <available property="keystore.exists" file="tempKeystore"/>
        <tstamp/>
    </target>

    <target name="keystore" unless="keystore.exists">
        <genkey alias="unknown" storepass="public" keystore="tempKeystore"
            dname="CN=Anonymous Signature, OU=unknown, o=unknown, c=unknown" />
    </target>

    <target name="compile_tags" if="jsapi_jar.isPresent">
    	<mkdir dir="${classes_dir}/demo/jsapi/tags"/>
	<javac debug="true"
	       source="1.4"
	       listfiles="true"
	       deprecation="true"
	       srcdir="${src_dir}"
	       includes="demo/jsapi/tags/**"
	       destdir="${classes_dir}">
	    <classpath refid="libs"/>
	</javac>

	<copy todir="${classes_dir}/demo/jsapi/tags">
         <fileset dir="${src_dir}/demo/jsapi/tags">
            <include name="**/*.gram"/>
         </fileset>
        </copy>

        <jar destfile="${bin_dir}/FeatureValueDemo.jar" 
	     manifest="${src_dir}/demo/jsapi/tags/fvd.Manifest"
	     basedir="${classes_dir}"
	     includes="demo/jsapi/tags/**"
             excludes="demo/jsapi/tags/LiveConnectDemo**"
	     filesonly="true"
	     compress="true"/>

        <jar destfile="${bin_dir}/LiveConnectDemo.jar" 
	     manifest="${src_dir}/demo/jsapi/tags/lcd.Manifest"
	     basedir="${classes_dir}"
	     includes="demo/jsapi/tags/**"
             excludes="demo/jsapi/tags/FeatureValueDemo**"
	     filesonly="true"
	     compress="true"/>
    </target>

    <target name="compile_zipcity" depends="init,keystore">
    	<mkdir dir="${classes_dir}/demo/sphinx/zipcity"/>
	<javac debug="true"
	       source="1.4"
	       listfiles="true"
	       deprecation="true"
	       srcdir="${src_dir}"
	       includes="demo/sphinx/zipcity/**"
	       destdir="${classes_dir}">
	    <classpath refid="libs"/>
	</javac>
	<copy file="${src_dir}/demo/sphinx/zipcity/zipcity.gram"
	      todir="${classes_dir}/demo/sphinx/zipcity"/>
	<copy file="${src_dir}/demo/sphinx/zipcity/zipcity.config.xml"
	      todir="${classes_dir}/demo/sphinx/zipcity"/>
	<copy file="${src_dir}/demo/sphinx/zipcity/zip.txt"
	      todir="${classes_dir}/demo/sphinx/zipcity"/>
    <copy file="${src_dir}/demo/sphinx/zipcity/s4.jpg"
	      todir="${classes_dir}/demo/sphinx/zipcity"/>
        <jar destfile="${bin_dir}/ZipCity.jar" 
	     manifest="${src_dir}/demo/sphinx/zipcity/zipcity.Manifest"
	     basedir="${classes_dir}"
	     includes="demo/sphinx/zipcity/**"
	     filesonly="true"
	     compress="true"/>
    </target>

  <target name="release_zipcity" depends="compile_zipcity">
      <copy todir="bld/zipcity" file="demo/sphinx/zipcity/zipcity.jnlp"/>
      <copy todir="bld/zipcity" file="demo/sphinx/zipcity/s4.jpg"/>
      <copy todir="bld/zipcity" file="demo/sphinx/zipcity/README.html"/>
      <copy todir="bld/zipcity" file="bin/ZipCity.jar"/>
      <copy todir="bld/zipcity" file="lib/sphinx4.jar"/>
      <copy todir="bld/zipcity" file="lib/jsapi.jar"/>
      <copy todir="bld/zipcity"
        file="lib/TIDIGITS_8gau_13dCep_16k_40mel_130Hz_6800Hz.jar"/>

    <signjar jar="bld/zipcity/ZipCity.jar" alias="unknown" 
        storepass="public" keystore="tempKeystore" />
    <signjar jar="bld/zipcity/sphinx4.jar" alias="unknown" 
        storepass="public" keystore="tempKeystore" />
    <signjar jar="bld/zipcity/jsapi.jar" alias="unknown" 
        storepass="public" keystore="tempKeystore" />
    <signjar jar="bld/zipcity/TIDIGITS_8gau_13dCep_16k_40mel_130Hz_6800Hz.jar" 
        alias="unknown" storepass="public" keystore="tempKeystore" />
  </target>


  <target name="compile_sphinx_confidence">
      <mkdir dir="${classes_dir}/demo/sphinx/confidence"/>
      <javac debug="true"
             source="1.4"
	     listfiles="true"
	     deprecation="true"
	     srcdir="${src_dir}"
	     destdir="${classes_dir}"
	     includes="demo/sphinx/confidence/**">
	     <classpath refid="libs"/>
      </javac>
      <copy file="${src_dir}/demo/sphinx/confidence/config.xml"
            todir="${classes_dir}/demo/sphinx/confidence"/>
      <copy file="${src_dir}/demo/sphinx/confidence/confidence.trigram.lm"
            todir="${classes_dir}/demo/sphinx/confidence"/>
      <mkdir dir="${bin_dir}"/>
      <jar destfile="${bin_dir}/Confidence.jar"
           manifest="${src_dir}/demo/sphinx/confidence/confidence.Manifest"
	   basedir="${classes_dir}"
	   includes="demo/sphinx/confidence/**"
	   filesonly="true"
	   compress="true"/>
  </target>


</project>
