<?xml version="1.0" encoding="UTF-8"?>
<project basedir=".." name="Sphinx-4-IDE">
    <!-- TODO: edit the following target according to your needs -->
    <!-- (more info: http://www.netbeans.org/kb/41/freeform-config.html#runsingle) -->
    <target name="run-selected-file-in-demo">
        <fail unless="run.class">Must set property 'run.class'</fail>
        <java classname="${run.class}" failonerror="true" fork="true">
            <classpath>
                <!-- TODO configure the runtime classpath for your project here: -->
            </classpath>
        </java>
    </target>
</project>
