<?xml version="1.0" encoding="UTF-8"?>
<project xmlns="http://www.netbeans.org/ns/project/1">
    <type>org.netbeans.modules.ant.freeform</type>
    <configuration>
        <general-data xmlns="http://www.netbeans.org/ns/freeform-project/1">
            <name>Sphinx-4</name>
        </general-data>
        <general-data xmlns="http://www.netbeans.org/ns/freeform-project/2">
            <!-- Do not use Project Properties customizer when editing this file manually. -->
            <name>Sphinx-4</name>
            <properties/>
            <folders>
                <source-folder>
                    <label>Sphinx-4</label>
                    <location>.</location>
                    <encoding>UTF-8</encoding>
                </source-folder>
                <source-folder>
                    <label>tests</label>
                    <type>java</type>
                    <location>tests</location>
                    <encoding>UTF-8</encoding>
                </source-folder>
                <source-folder>
                    <label>demo</label>
                    <type>java</type>
                    <location>demo</location>
                    <encoding>UTF-8</encoding>
                </source-folder>
                <source-folder>
                    <label>Source Packages</label>
                    <type>java</type>
                    <location>.</location>
                    <encoding>UTF-8</encoding>
                </source-folder>
                <source-folder>
                    <label>lib</label>
                    <type>java</type>
                    <location>lib</location>
                    <encoding>UTF-8</encoding>
                </source-folder>
                <source-folder>
                    <label>edu</label>
                    <type>java</type>
                    <location>edu</location>
                    <encoding>UTF-8</encoding>
                </source-folder>
                <source-folder>
                    <label>com</label>
                    <type>java</type>
                    <location>com</location>
                    <encoding>UTF-8</encoding>
                </source-folder>
            </folders>
            <ide-actions>
                <action name="build">
                    <target>all</target>
                </action>
                <action name="clean">
                    <target>clean</target>
                </action>
                <action name="javadoc">
                    <target>javadoc</target>
                </action>
                <action name="rebuild">
                    <target>clean</target>
                    <target>all</target>
                </action>
                <action name="run.single">
                    <script>nbproject/ide-file-targets.xml</script>
                    <target>run-selected-file-in-demo</target>
                    <context>
                        <property>run.class</property>
                        <folder>demo</folder>
                        <pattern>\.java$</pattern>
                        <format>java-name</format>
                        <arity>
                            <one-file-only/>
                        </arity>
                    </context>
                </action>
            </ide-actions>
            <view>
                <items>
                    <source-folder style="packages">
                        <label>tests</label>
                        <location>tests</location>
                    </source-folder>
                    <source-folder style="packages">
                        <label>demo</label>
                        <location>demo</location>
                    </source-folder>
                    <source-folder style="packages">
                        <label>Source Packages</label>
                        <location>.</location>
                    </source-folder>
                    <source-folder style="packages">
                        <label>lib</label>
                        <location>lib</location>
                    </source-folder>
                    <source-folder style="packages">
                        <label>edu</label>
                        <location>edu</location>
                    </source-folder>
                    <source-folder style="packages">
                        <label>com</label>
                        <location>com</location>
                    </source-folder>
                    <source-file>
                        <location>build.xml</location>
                    </source-file>
                </items>
                <context-menu>
                    <ide-action name="build"/>
                    <ide-action name="rebuild"/>
                    <ide-action name="clean"/>
                    <ide-action name="javadoc"/>
                </context-menu>
            </view>
            <subprojects/>
        </general-data>
        <java-data xmlns="http://www.netbeans.org/ns/freeform-project-java/2">
            <compilation-unit>
                <package-root>tests</package-root>
                <unit-tests/>
                <source-level>1.5</source-level>
            </compilation-unit>
            <compilation-unit>
                <package-root>demo</package-root>
                <unit-tests/>
                <source-level>1.5</source-level>
            </compilation-unit>
            <compilation-unit>
                <package-root>.</package-root>
                <classpath mode="compile">lib/TIDIGITS_8gau_13dCep_16k_40mel_130Hz_6800Hz.jar;lib/WSJ_8gau_13dCep_16k_40mel_130Hz_6800Hz.jar;lib/WSJ_8gau_13dCep_8kHz_31mel_200Hz_3500Hz.jar;lib/jsapi.jar</classpath>
                <source-level>1.5</source-level>
            </compilation-unit>
            <compilation-unit>
                <package-root>lib</package-root>
                <source-level>1.5</source-level>
            </compilation-unit>
            <compilation-unit>
                <package-root>edu</package-root>
                <source-level>1.5</source-level>
            </compilation-unit>
            <compilation-unit>
                <package-root>com</package-root>
                <source-level>1.5</source-level>
            </compilation-unit>
        </java-data>
    </configuration>
</project>
